Workbook

Sheet UAT Matrix
A1: ID | B1: Increment | C1: Use Case | D1: Aktor | E1: Skenario | F1: Hasil Diharapkan | G1: Hasil Aktual | H1: Status | I1: Catatan
A2: F1-01 | B2: 1 | C2: UC-01 | D2: Petani | E2: Login dengan HP dan password valid | F2: Redirect ke /petani
A3: F1-02 | B3: 1 | C3: UC-01 | D3: Petani | E3: Login password salah | F3: Tampil pesan error
A4: F1-03 | B4: 1 | C4: UC-06 | D4: Sensor | E4: Publish MQTT telemetry valid | F4: Row baru di sensor_data
A5: F1-04 | B5: 1 | C5: UC-07 | D5: Petani | E5: Buka dashboard petani | F5: Kartu screenhouse + 11 parameter
A6: F1-05 | B6: 1 | C6: UC-08 | D6: Operator | E6: Buka detail screenhouse | F6: Parameter dan lokasi tampil
A7: F1-06 | B7: 1 | C7: UC-09 | D7: Operator | E7: Buka peta operator | F7: Marker screenhouse muncul
A8: F1-07 | B8: 1 | C8: UC-10 | D8: Operator | E8: Filter provinsi | F8: Peta terfilter
A9: F1-08 | B9: 1 | C9: UC-11 | D9: Operator | E9: Lihat status device | F9: Status healthy/warning/offline
A10: F1-09 | B10: 1 | C10: UC-03 | D10: Operator | E10: Approve petani pending | F10: Status approved; petani bisa login
A11: F1-10 | B11: 1 | C11: UC-06 | D11: Sensor | E11: MQTT node_code tidak terdaftar | F11: Data ditolak; log error
A12: F2-01 | B12: 2 | C12: UC-13 | D12: Petani | E12: Buka /petani/tren | F12: Grafik NPK 24 jam
A13: F2-02 | B13: 2 | C13: UC-13 | D13: Petani | E13: Pilih screenhouse lain | F13: Grafik berubah sesuai SH
... A31: F3-10 | B31: 3 | C31: UC-20 | D31: Petani | E31: Toggle aktuator OFF | F31: Status OFF di UI

Sheet Ringkasan
A1: Increment | B1: Total Skenario | C1: PASS | D1: FAIL | E1: SKIP | F1: Pass Rate (%) | G1: Error Rate (%)
A2: Increment 1 | B2: =COUNTIF('UAT Matrix'!B:B,1) | C2: =COUNTIFS('UAT Matrix'!B:B,1,'UAT Matrix'!H:H,"PASS") | D2: =COUNTIFS('UAT Matrix'!B:B,1,'UAT Matrix'!H:H,"FAIL") | E2: =COUNTIFS('UAT Matrix'!B:B,1,'UAT Matrix'!H:H,"SKIP") | F2: =IF(B2=0,"",C2/B2*100) | G2: =IF(B2=0,"",D2/B2*100)
A3: Increment 2 | B3: =COUNTIF('UAT Matrix'!B:B,2) | C3: =COUNTIFS('UAT Matrix'!B:B,2,'UAT Matrix'!H:H,"PASS") | D3: =COUNTIFS('UAT Matrix'!B:B,2,'UAT Matrix'!H:H,"FAIL") | E3: =COUNTIFS('UAT Matrix'!B:B,2,'UAT Matrix'!H:H,"SKIP") | F3: =IF(B3=0,"",C3/B3*100) | G3: =IF(B3=0,"",D3/B3*100)
A4: Increment 3 | B4: =COUNTIF('UAT Matrix'!B:B,3) | C4: =COUNTIFS('UAT Matrix'!B:B,3,'UAT Matrix'!H:H,"PASS") | D4: =COUNTIFS('UAT Matrix'!B:B,3,'UAT Matrix'!H:H,"FAIL") | E4: =COUNTIFS('UAT Matrix'!B:B,3,'UAT Matrix'!H:H,"SKIP") | F4: =IF(B4=0,"",C4/B4*100) | G4: =IF(B4=0,"",D4/B4*100)
A5: TOTAL | B5: =SUM(B2:B4) | C5: =SUM(C2:C4) | D5: =SUM(D2:D4) | E5: =SUM(E2:E4) | F5: =IF(B5=0,"",C5/B5*100) | G5: =IF(B5=0,"",D5/B5*100)

Sheet Panduan
A1: Cara pakai UAT Matrix
A3: 1. | B3: Jalankan skenario di kolom Skenario sesuai urutan increment.
A4: 2. | B4: Isi kolom Hasil Aktual dengan apa yang benar-benar terjadi.
A5: 3. | B5: Pilih Status: PASS (sesuai expected), FAIL (tidak sesuai), SKIP (tidak diuji).
A6: 4. | B6: Lihat sheet Ringkasan — Pass Rate & Error Rate terhitung otomatis.
A7: 5. | B7: Copy angka Pass Rate ke metrics-bar.csv untuk grafik evaluasi.
A9: Warna baris | B9: Biru = Inc 1 | Hijau = Inc 2 | Oranye = Inc 3
A10: Referensi | B10: docs/use-case-scenarios.md
